Title,URL,Thumbnail,Uploaded on,Channel Name,Description
Five Nights at Freddy's: Security Breach - Part 1,https://www.youtube.com/watch?v=ClQ-ymoXJZc,https://i.ytimg.com/vi/ClQ-ymoXJZc/hqdefault.jpg?sqp=-oaymwEcCPYBEIoBSFXyq4qpAw4IARUAAIhCGAFwAcABBg==&rs=AOn4CLASED6sU-YD0JS9jRER7paz-QyZhw,"3.2M views
17 hours ago",Markiplier,Security Breach is HERE!! What horrors lurk in an official free roam Five Nights at Freddy's game? My Comfiest Clothes Yet ‚ñ∫ https://cloakbrand.com/ LISTEN TO DISTRACTIBLE ‚ñ∫‚ñ∫ https://podlink....
"$1,000,000 Influencer Tournament!",https://www.youtube.com/watch?v=x9TQ6culXIA,https://i.ytimg.com/vi/x9TQ6culXIA/hqdefault.jpg?sqp=-oaymwEcCPYBEIoBSFXyq4qpAw4IARUAAIhCGAFwAcABBg==&rs=AOn4CLBoo831nfDVeib5RDxF7RfMp9gHxQ,"22M views
1 day ago",MrBeast,That was so close at the end I can't believe that happened! ‚ïî‚ïê‚ï¶‚ïó‚ïî‚ï¶‚ïó‚ïî‚ïê‚ï¶‚ïê‚ï¶‚ï¶‚ï¶‚ï¶‚ïó‚ïî‚ïê‚ïó ‚ïë‚ïö‚ï£‚ïë‚ïë‚ïë‚ïö‚ï£‚ïö‚ï£‚ïî‚ï£‚ïî‚ï£‚ïë‚ïö‚ï£‚ïê‚ï£ ‚ï†‚ïó‚ïë‚ïö‚ïù‚ïë...
HELLUVA 2022 TRAILER,https://www.youtube.com/watch?v=Wmo8M0pNgCc,https://i.ytimg.com/vi/Wmo8M0pNgCc/hqdefault.jpg?sqp=-oaymwEcCPYBEIoBSFXyq4qpAw4IARUAAIhCGAFwAcABBg==&rs=AOn4CLAelxc55zIoUQYaeDyZD8CHLX8FnQ,"1.3M views
16 hours ago",Vivziepop,HAPPY HOLIDAYS EVERYONE! Thanks for supporting us for a full year of Helluva Boss! Excited to bring you more of this story in 2022! HELLUVA BOSS MERCH AVAILABLE ‚ñ∫ https://sharkrobot.com/vivziepop...
"The Ultimate ""Minecraft"" Recap Cartoon",https://www.youtube.com/watch?v=rqgOzu-udFY,,"2.5M views
18 hours ago",Cas van de Pol,The ultimate recap cartoon of Minecraft‚Äôs Multiplayer! Follow Steve as he explores the Multiplayer hamachi server with his friends! If you want to support the channel consider signing up...
Turning $0.01 Into a House in 1 Week,https://www.youtube.com/watch?v=Gxb3L8d0UtY,,"805K views
16 hours ago",Ryan Trahan,penny ‚Üí house ok ok sign up for shopify ‚Üí https://shopify.com/ryantrahan
BTS Performs a Concert in the Crosswalk,https://www.youtube.com/watch?v=A8KQhwmdZIw,,"6.1M views
1 day ago",The Late Late Show with James Corden,"BTS has played the world's biggest venues and stages, but James Corden has a new forum for the international sensation: the crosswalk at Beverly Blvd. and Genesee Av. Watch as the group dazzles..."
Lil Durk - Broadway Girls ft Morgan Wallen (Official Audio),https://www.youtube.com/watch?v=Kpz4Ro5iD1Q,,"755K views
1 day ago",Lil Durk,#LilDurk #MorganWallen #BroadwayGirls Stream Broadway Girls Ft Morgan Wallen: https://smarturl.it/broadwaygirls Follow Lil Durk: https://instagram.com/lildurk https://twitter.com/lildurk...
Jake Paul & Tyron Woodley MVP Face 2 Face Interview with Ariel Helwani | Round 2 | SHOWTIME PPV,https://www.youtube.com/watch?v=Lsvbz5tlQlU,,"1.1M views
1 day ago",SHOWTIME Sports,Jake Paul vs. Tyron Woodley II means another round of face-to-face with Ariel Helwani as the two stars let it all out unfiltered ahead of their SHOWTIME PPV rematch. #PaulWoodley is Saturday...
The Man Who Never Forgets,https://www.youtube.com/shorts/xBvZJ5PsZjA,,"2.4M views
23 hours ago",Nas Daily,#shorts
"Bobby Shmurda - Shmoney (Official Music Video) ft. Quavo, Rowdy Rebel",https://www.youtube.com/watch?v=C2gSvt0LNSs,,"1M views
1 day ago",Bobby Shmurda,"Bobby Shmurda feat. Quavo & Rowdy Rebel - Shmoney (Official Music Video) ""Shmoney"" available at: https://BobbyShmurda.lnk.to/Shmoney Follow Bobby Shmurda: Instagram: https://www.instagram.com/it..."
Gucci Mane - Long Live Dolph [Official Audio],https://www.youtube.com/watch?v=2dQNb8j8-3o,,"422K views
1 day ago",Gucci Mane,"Gucci Mane - Long Live Dolph ""So Icy Christmas"" ü•∂ Out Now! Download/Stream: https://thenew1017.lnk.to/SoIcyChristmas Subscribe for more official content from Gucci Mane: https://Atlantic.lnk.t..."
Roddy Ricch - 25 million [Official Music Video],https://www.youtube.com/watch?v=jfNNoN5g37U,,"1.2M views
1 day ago",Roddy Ricch,Roddy Ricch - 25 million 'LIVE LIFE FAST' out now: https://roddyricch.lnk.to/LLFID Follow Roddy Ricch https://www.instagram.com/roddyricch https://twitter.com/roddyricch https://soundcloud.com/ro...
Dylan Hollis - CHRISTMAS CRACK | 1970's,https://www.youtube.com/shorts/BRQ7vVSw06o,,"269K views
18 hours ago",B. Dylan Hollis,"Saltines, festive ingenuity, and a slightly problematic name. Thank you America. My TikTok: @bdylanhollis #Shorts"
"Legend of K-POP - TOMORROW X TOGETHER, ENHYPEN (2021 KBS Song Festival) I KBS WORLD TV 211217",https://www.youtube.com/watch?v=UZO0hqF_IkA,,"2.3M views
22 hours ago",KBS WORLD TV,#TOMORROWXTOGETHER #ENHYPEN [KBS Song Festival] featuring performances by the hottest K-Pop stars of this year ===== ‚ûï Song Festival 2021 : https://youtube.com/playlist?list=PLMf7VY8La5REQ1HJ1Kqj...
"Tom Holland, Zendaya & Jacob Batalon Answer MORE of the Web's Most Searched Questions | WIRED",https://www.youtube.com/watch?v=iuOYz8zt9J4,,"2.9M views
1 day ago",WIRED,"Spider-Man: No Way Home stars Tom Holland, Zendaya and Jacob Batalon are BACK to once again answer the web's (get it) most searched questions about Spider-Man and themselves. What color eyes..."
Reindeer #shorts,https://www.youtube.com/shorts/m2eNR7Wz4W8,,"521K views
17 hours ago",TheOdd1sOut,#shorts Matt Watts art ‚û§ https://www.instagram.com/mattwattsart/ Emilee Dummer ‚û§ https://www.instagram.com/edummerart/ Kelly Jensen ‚û§ https://www.instagram.com/kelly_anne_art/ Claire...
Spider-Man: NO WAY HOME Stunts In Real Life - Challenge,https://www.youtube.com/watch?v=zWLdMpfr7r8,,"322K views
18 hours ago",Zealous,Save 40% or more on your SimpliSafe security system during their holiday sale! Visit https://simplisafe.com/zealous to learn more! #ad We tried to replicate stunts from Spiderman: No Way Home...
Oliver Tree - Life Goes On feat. Trippie Redd & Ski Mask (Directed by Cole Bennett),https://www.youtube.com/watch?v=2e54Oy_bqEk,,"1.2M views
1 day ago",Lyrical Lemonade,Lyrical Lemonade Presents Oliver Tree - Life Goes On feat. Trippie Redd & Ski Mask The Slump God (Official Music Video) https://olivertree.lnk.to/LifeGoesOnRemix Directed + Edited by Cole...
The Incorrect History of Pizza,https://www.youtube.com/watch?v=qpyRh0MWBl0,,"224K views
17 hours ago",Ted Nivison,"The long awaited sequel to the groundbreaking historical findings of Dr. Theodore Nivison, historiographer on food. Indulge in The Incorrect History of Pizza ‚ñ∫Instagram: https://www.instagram.c..."
Donald Parham Knocked Unconscious - Doctor Explains,https://www.youtube.com/watch?v=9rlzokY2pZY,,"346K views
1 day ago",Brian Sutterer MD,Chargers tight end Donald Parham was knocked unconcious after a concerning fall in tonight's game vs the Kansas City Chiefs NFL and Football Videos: https://youtube.com/playlist?list=PLrdpldKEF234...
FNAF SECURITY BREACH IS HERE & IT IS AMAZING!!!! | FNAF: Security Breach (Part 1),https://www.youtube.com/watch?v=-7gBhUbtXEU,,"833K views
1 day ago",8-BitRyan,"Welcome finally to Five Nights At Freddy's: Security Breach. I can not believe it is here, the newest entry into the FNAF Franchise and I am completely blown away with how incredible this game..."
"Family took shelter in a underground, detached pre-fab bunker when tornado came through Bremen",https://www.youtube.com/watch?v=Ghh0ub7tOY8,,"755K views
1 day ago",WHAS11,"Storm shelters are somewhat of a rarity in homes nowadays, but one family in Breman, Ky. said they wouldn't be here today if it wasn't for their shelter. Jordan Evans and his son Gage were..."
"SPIDERMAN No Way Home Ending Explained | Full Movie Breakdown, Post Credits Scene & Easter Eggs",https://www.youtube.com/watch?v=F0q6IslolVE,,"1.2M views
1 day ago",Heavy Spoilers,"SPIDERMAN No Way Home Ending Explained | Full Movie Breakdown, Post Credits Scene & Easter Eggs. We review, recap, explain and breakdown Spider-Man No Way Home and discuss all the spoilers,..."
SECURITY BREACH IS FINALLY HERE... - Five Nights at Freddy's: Security Breach Part 1,https://www.youtube.com/watch?v=Y1kkUlLweNc,,"681K views
1 day ago",Dawko,Leave a like if you enjoyed today's video! Lots of love! Become a Dawkbro! https://hex.store/ http://www.twitter.com/dawkosgames http://www.twitch.tv/dawkosgames https://instagram.com/lewis_dawkin...
"Tom Holland, Zendaya & Jacob Batalon Break Down 'Spider-Man: No Way Home' | Entertainment Weekly",https://www.youtube.com/watch?v=bjpJMN0Ck20,,"177K views
20 hours ago",Entertainment Weekly,"EW gathered the 'Spider-Man: No Way Home' stars Tom Holland, Zendaya, and Jacob Batalon for a SPOILER-FREE conversation about what life was like while making their new Marvel movie. Subscribe..."
